field_path,root,branches_with_default
check-for-updates,check-for-updates,1
enclaves[].agent.engine,enclaves,1
enclaves[].agent.max-model-requests,enclaves,1
enclaves[].agent.max-model-tokens,enclaves,1
enclaves[].agent.max-task-bytes,enclaves,1
enclaves[].agent.profile,enclaves,1
enclaves[].cpu-limit,enclaves,2
enclaves[].max-invocations,enclaves,2
enclaves[].max-output-bytes,enclaves,2
enclaves[].memory-limit,enclaves,2
enclaves[].pids-limit,enclaves,2
enclaves[].runtime,enclaves,2
enclaves[].script.max-script-bytes,enclaves,1
enclaves[].timeout,enclaves,2
enclaves[].tmpfs-limit,enclaves,2
engine.bare,engine,2
engine.mcp,engine,1
experiments.*.decision.confidence,experiments,1
experiments.*.decision.minimum_effect,experiments,1
experiments.*.min_samples,experiments,1
experiments.storage,experiments,1
features.intentional-failure,features,1
features.samples,features,1
import-schema.*.properties.*.required,import-schema,1
import-schema.*.required,import-schema,2
inlined-imports,inlined-imports,1
max-turn-cache-misses,max-turn-cache-misses,1
mcp-scripts.*.inputs.*.required,mcp-scripts,1
mcp-scripts.*.inputs.*.type,mcp-scripts,1
mcp-scripts.*.timeout,mcp-scripts,1
mcp-servers.*.required,mcp-servers,2
observability.otlp.if-missing,observability,1
on.needs,on,1
on.reaction,on,1
on.report-blocked-version,on,1
private,private,1
runtimes.*.cooldown,runtimes,1
runtimes.*.run-install-scripts,runtimes,1
safe-outputs.activation-comments,safe-outputs,1
safe-outputs.add-comment.footer,safe-outputs,1
safe-outputs.ado-create-work-item.artifact-link.branch,safe-outputs,1
safe-outputs.ado-create-work-item.artifact-link.enabled,safe-outputs,1
safe-outputs.ado-create-work-item.work-item-type,safe-outputs,1
safe-outputs.ado-update-work-item.area-path,safe-outputs,1
safe-outputs.ado-update-work-item.assignee,safe-outputs,1
safe-outputs.ado-update-work-item.body,safe-outputs,1
safe-outputs.ado-update-work-item.iteration-path,safe-outputs,1
safe-outputs.ado-update-work-item.markdown-body,safe-outputs,1
safe-outputs.ado-update-work-item.status,safe-outputs,1
safe-outputs.ado-update-work-item.tags,safe-outputs,1
safe-outputs.ado-update-work-item.title,safe-outputs,1
safe-outputs.ado-upload-workitem-attachment.max-file-size,safe-outputs,1
safe-outputs.assign-to-agent.ignore-if-error,safe-outputs,1
safe-outputs.assign-to-user.unassign-first,safe-outputs,1
safe-outputs.create-discussion.close-older-discussions,safe-outputs,1
safe-outputs.create-discussion.expires,safe-outputs,1
safe-outputs.create-discussion.fallback-to-issue,safe-outputs,1
safe-outputs.create-discussion.footer,safe-outputs,1
safe-outputs.create-issue.close-older-issues,safe-outputs,1
safe-outputs.create-issue.footer,safe-outputs,1
safe-outputs.create-issue.group,safe-outputs,1
safe-outputs.create-issue.group-by-day,safe-outputs,1
safe-outputs.create-project,safe-outputs,1
safe-outputs.create-pull-request.allow-workflows,safe-outputs,1
safe-outputs.create-pull-request.auto-close-issue,safe-outputs,1
safe-outputs.create-pull-request.auto-merge,safe-outputs,1
safe-outputs.create-pull-request.close-older-pull-requests,safe-outputs,1
safe-outputs.create-pull-request.draft,safe-outputs,1
safe-outputs.create-pull-request.fallback-as-issue,safe-outputs,1
safe-outputs.create-pull-request.footer,safe-outputs,1
safe-outputs.create-pull-request.preserve-branch-name,safe-outputs,1
safe-outputs.create-pull-request.recreate-ref,safe-outputs,1
safe-outputs.create-pull-request.signed-commits,safe-outputs,1
safe-outputs.create-pull-request.stacked,safe-outputs,1
safe-outputs.footer,safe-outputs,1
safe-outputs.group-reports,safe-outputs,1
safe-outputs.jobs.*.inputs.*.required,safe-outputs,1
safe-outputs.jobs.*.inputs.*.type,safe-outputs,1
safe-outputs.max-patch-files,safe-outputs,1
safe-outputs.max-patch-size,safe-outputs,1
safe-outputs.mentions.allow-context,safe-outputs,1
safe-outputs.mentions.allowed-collaborators,safe-outputs,1
safe-outputs.messages.append-only-comments,safe-outputs,1
safe-outputs.missing-data.labels,safe-outputs,1
safe-outputs.missing-data.title-prefix,safe-outputs,1
safe-outputs.missing-tool.labels,safe-outputs,1
safe-outputs.missing-tool.title-prefix,safe-outputs,1
safe-outputs.needs,safe-outputs,1
safe-outputs.noop.report-as-issue,safe-outputs,1
safe-outputs.push-to-pull-request-branch.allow-workflows,safe-outputs,1
safe-outputs.push-to-pull-request-branch.check-branch-protection,safe-outputs,1
safe-outputs.push-to-pull-request-branch.fallback-as-pull-request,safe-outputs,1
safe-outputs.push-to-pull-request-branch.ignore-missing-branch-failure,safe-outputs,1
safe-outputs.push-to-pull-request-branch.signed-commits,safe-outputs,1
safe-outputs.reply-to-pull-request-review-comment.footer,safe-outputs,1
safe-outputs.report-failed-jobs,safe-outputs,1
safe-outputs.report-failure-as-issue,safe-outputs,1
safe-outputs.report-incomplete.labels,safe-outputs,1
safe-outputs.report-incomplete.title-prefix,safe-outputs,1
safe-outputs.scripts.*.inputs.*.required,safe-outputs,1
safe-outputs.scripts.*.inputs.*.type,safe-outputs,1
safe-outputs.steer,safe-outputs,1
safe-outputs.threat-detection.engine-config.bare,safe-outputs,2
safe-outputs.threat-detection.engine-config.mcp,safe-outputs,1
safe-outputs.threat-detection.engine.bare,safe-outputs,2
safe-outputs.threat-detection.engine.mcp,safe-outputs,1
safe-outputs.threat-detection.report-as-issue,safe-outputs,1
safe-outputs.update-discussion.footer,safe-outputs,1
safe-outputs.update-issue.body,safe-outputs,1
safe-outputs.update-issue.footer,safe-outputs,1
safe-outputs.update-pull-request.footer,safe-outputs,1
safe-outputs.update-release.footer,safe-outputs,1
safe-outputs.upload-artifact.defaults.if-no-files,safe-outputs,1
safe-outputs.upload-artifact.max-size-bytes,safe-outputs,1
safe-outputs.upload-artifact.max-uploads,safe-outputs,1
safe-outputs.upload-asset.branch,safe-outputs,1
safe-outputs.upload-asset.max-size,safe-outputs,1
safe-outputs.upload-code-coverage.fail-on-error,safe-outputs,1
safe-outputs.upload-code-coverage.wait-for-processing-timeout,safe-outputs,1
sandbox.agent,sandbox,1
sandbox.agent.runtime,sandbox,1
sandbox.mcp.port,sandbox,1
strict,strict,1
tools.cache-memory.scope,tools,1
tools.cache-memory.validation.timeout-minutes,tools,1
tools.cache-memory[].scope,tools,1
tools.cache-memory[].validation.timeout-minutes,tools,1
tools.drive-memory.validation.timeout-minutes,tools,1
tools.drive-memory[].validation.timeout-minutes,tools,1
tools.github.disapproval-integrity,tools,1
tools.github.disapproval-reactions,tools,1
tools.github.endorsement-reactions,tools,1
tools.github.endorser-min-integrity,tools,1
tools.github.integrity-proxy,tools,1
tools.github.lockdown,tools,1
tools.jira.url,tools,1
tools.linear.required,tools,1
tools.repo-memory.validation.timeout-minutes,tools,1
tools.repo-memory[].validation.timeout-minutes,tools,1
user-rate-limit.window,user-rate-limit,1
