name,source_format,line,phrase
NET_ADMIN,inline_table,193,| ARC or another split-daemon DinD runner | Docker (default) | `runner.topology: arc-dind` stages the sysroot and workspace for the sidecar daemon. The privileged DinD sidecar creates the isolated network; the runner container remains unprivileged and does not need `NET_ADMIN`. |
virtiofsd,inline_table,194,"| GitHub-hosted Ubuntu x86_64 KVM runner | Cloud Hypervisor (preview) (`sandbox.agent.runtime: cloud-hypervisor`) | The agent runs inside AWF's preview Cloud Hypervisor microVM runtime with scoped KVM access, strict topology isolation, and digest-pinned release assets including `virtiofsd`. |"
iptables,inline,199,ARC DinD preserves AWF's egress policy through Docker network topology rather than host `iptables`: the DinD daemon creates an internal network with no direct internet route and a dual-homed Squid proxy as the sole egress path. See [Self-Hosted Runners](/gh-aw/reference/self-hosted-runners/) and [How to run GitHub Copilot coding agent on ARC with Docker-in-Docker](/gh-aw/reference/arc-dind-copilot-agent/) for deployment details.
network.firewall,yaml,254,firewall: true
host.docker.internal,inline,287,"2. The agent container can only egress through Squid. To reach the gateway, it uses `host.docker.internal:80` (Docker's host alias). This hostname must be included in the firewall's allowed list."
gh-aw-mcpg,inline,288,3. The `gh-aw-mcpg` container publishes host port 80 mapped to container port 8000. It uses the Docker socket to spawn MCP server containers.
api-proxy,inline,290,"5. When supported by an agent, AWF creates a trusted `api-proxy` that routes model traffic on the agent's behalf while keeping that traffic behind AWF's network controls. This proxy should not be treated as a separate caller-authentication boundary for arbitrary code already running inside the agent container."
http,inline_table,539,| **URI Filtering** | `http://evil.com` | `(redacted)` | Restricts to HTTPS from trusted domains |
https,inline,548,"- ✅ **Allowed**: `https://github.com/...`, `https://api.github.com/...`"
https,inline,548,"- ✅ **Allowed**: `https://github.com/...`, `https://api.github.com/...`"
http,inline,550,- ❌ **Blocked**: `http://` URLs (non-HTTPS)
approved,inline,585,"For public repositories, `min-integrity: approved` is applied automatically — restricting content to owners, members, and collaborators — even without additional authentication. The four configurable levels (`merged`, `approved`, `unapproved`, `none`) are cumulative from most to least restrictive. Individual users can be blocked unconditionally, and trusted reviewers can promote specific items via approval labels."
merged,inline,585,"For public repositories, `min-integrity: approved` is applied automatically — restricting content to owners, members, and collaborators — even without additional authentication. The four configurable levels (`merged`, `approved`, `unapproved`, `none`) are cumulative from most to least restrictive. Individual users can be blocked unconditionally, and trusted reviewers can promote specific items via approval labels."
none,inline,585,"For public repositories, `min-integrity: approved` is applied automatically — restricting content to owners, members, and collaborators — even without additional authentication. The four configurable levels (`merged`, `approved`, `unapproved`, `none`) are cumulative from most to least restrictive. Individual users can be blocked unconditionally, and trusted reviewers can promote specific items via approval labels."
unapproved,inline,585,"For public repositories, `min-integrity: approved` is applied automatically — restricting content to owners, members, and collaborators — even without additional authentication. The four configurable levels (`merged`, `approved`, `unapproved`, `none`) are cumulative from most to least restrictive. Individual users can be blocked unconditionally, and trusted reviewers can promote specific items via approval labels."
