field_path,used_by_some_workflow
ambient-folders,False
cache,True
check-for-updates,False
checkout,True
concurrency,True
container,False
description,True
emoji,True
enclaves,False
engine,True
env,True
environment,True
evals,False
excluded-env,False
experiments,False
features,True
github-app,False
graders,False
if,True
import-schema,False
imports,True
inlined-imports,True
intent,False
jobs,True
labels,True
lsp,False
max-ai-credits,True
max-daily-ai-credits,True
max-runs,False
max-tool-denials,False
max-turn-cache-misses,False
max-turns,True
mcp-scripts,True
mcp-servers,True
metadata,True
model,False
models,False
name,True
network,True
observability,False
on,True
permissions,True
plugins,False
post-steps,True
pre-agent-steps,True
pre-steps,True
private,True
redirect,False
resources,True
run-name,True
runner,False
runs-on,True
runs-on-slim,True
runtimes,True
safe-outputs,True
sandbox,True
secret-masking,False
secrets,False
services,True
skills,False
source,True
steps,True
strict,True
threat-detection-suppress,False
timeout-minutes,True
tools,True
tracker-id,True
user-rate-limit,True
