nombre,línea,decisión,motivo
if,591,excluido,"Condición de ejecución genérica de GitHub Actions, no configuración de seguridad de GH-AW. La raíz secret-masking ya está incluida por otras menciones."
if,650,excluido,"Condición de ejecución genérica de GitHub Actions, no configuración de seguridad de GH-AW. La raíz secret-masking ya está incluida por otras menciones."
secrets.*,635,excluido,"La página describe el escaneo automático de referencias ${{ secrets.X }} para enmascararlas, no el campo secrets del frontmatter."
engine,251,válido,"Campo real del frontmatter, aparece como contexto en un ejemplo YAML."
min-integrity,583,resuelto a tools.github.min-integrity,"La página lo describe dentro del filtrado de integridad de la herramienta de GitHub y enlaza a la referencia de Integrity Filtering. No se incluye la variante de enclaves."
min-integrity,585,resuelto a tools.github.min-integrity,"La página lo describe dentro del filtrado de integridad de la herramienta de GitHub y enlaza a la referencia de Integrity Filtering. No se incluye la variante de enclaves."
min-integrity,818,resuelto a tools.github.min-integrity,"La página lo describe dentro del filtrado de integridad de la herramienta de GitHub y enlaza a la referencia de Integrity Filtering. No se incluye la variante de enclaves."
allowed,345,resuelto a mcp-servers.*.allowed,"Sección MCP Server Sandboxing, punto ""Tool Allowlisting"" (listas que restringen operaciones), separado de ""Network Controls""."
network.firewall,254,no entra a la selección,"Documentado en la página y declarado en 3 workflows con valor true (results/02_frontmatter_keys/keys_latest_version.csv), pero ausente del schema del commit fijado."
