copy_group,owner,repository,filename,source_template,in_sample
C001,baizhiheizi,baizhiheizi/quill,repo-assist.md,githubnext/agentics/workflows/repo-assist.md,False
C001,fslaborg,fslaborg/Deedle,repo-assist.md,githubnext/agentics/workflows/repo-assist.md,True
C001,fslaborg,fslaborg/FSharp.Stats,repo-assist.md,githubnext/agentics/workflows/repo-assist.md,True
C001,fsprojects,fsprojects/FSharp.Control.AsyncSeq,repo-assist.md,githubnext/agentics/workflows/repo-assist.md,False
C001,fsprojects,fsprojects/FSharp.Control.TaskSeq,repo-assist.md,githubnext/agentics/workflows/repo-assist.md,False
C001,fsprojects,fsprojects/FSharp.Data.SqlClient,repo-assist.md,githubnext/agentics/workflows/repo-assist.md,False
C001,fsprojects,fsprojects/FSharp.Formatting,repo-assist.md,githubnext/agentics/workflows/repo-assist.md,True
C001,fsprojects,fsprojects/FSharp.TypeProviders.SDK,repo-assist.md,githubnext/agentics/workflows/repo-assist.md,False
C001,fsprojects,fsprojects/FSharpx.Collections,repo-assist.md,githubnext/agentics/workflows/repo-assist.md,False
C001,fsprojects,fsprojects/SwaggerProvider,repo-assist.md,githubnext/agentics/workflows/repo-assist.md,False
C001,ionide,ionide/FsAutoComplete,repo-assist.md,githubnext/agentics/workflows/repo-assist.md,True
C001,ionide,ionide/ionide-vscode-fsharp,repo-assist.md,githubnext/agentics/workflows/repo-assist.md,False
C001,popey,popey/grummage,repo-assist.md,githubnext/agentics/workflows/repo-assist.md,False
C001,popey,popey/sbom-vm,repo-assist.md,githubnext/agentics/workflows/repo-assist.md,True
C001,popey,popey/slomore,repo-assist.md,githubnext/agentics/workflows/repo-assist.md,False
C002,AndreaGriffiths11,AndreaGriffiths11/IssueCrush,daily-repo-status.md,githubnext/agentics/workflows/daily-repo-status.md,True
C002,Azure,Azure/LogicAppsUX,daily-repo-status.md,githubnext/agentics/workflows/daily-repo-status.md,False
C002,Azure,Azure/git-ape,daily-repo-status.md,githubnext/agentics/workflows/daily-repo-status.md,False
C002,KunalSin9h,KunalSin9h/meltcd,daily-repo-status.md,githubnext/agentics/workflows/daily-repo-status.md,True
C002,dotnet,dotnet/maui,daily-repo-status.md,githubnext/agentics/workflows/daily-repo-status.md,True
C002,duckduckgo,duckduckgo/Android,daily-repo-status.md,githubnext/agentics/workflows/daily-repo-status.md,True
C002,executeautomation,executeautomation/ExecuteAutomationWebApp,daily-repo-status.md,githubnext/agentics/workflows/daily-repo-status.md,False
C002,hemanth,hemanth/mcp-web-client,daily-repo-status.md,githubnext/agentics/workflows/daily-repo-status.md,True
C002,mcpc-tech,mcpc-tech/dev-inspector-mcp,daily-repo-status.md,githubnext/agentics/workflows/daily-repo-status.md,True
C002,microsoft,microsoft/Web-Dev-For-Beginners,daily-repo-status.md,githubnext/agentics/workflows/daily-repo-status.md,True
C002,r12f,r12f/rnp,daily-repo-status.md,githubnext/agentics/workflows/daily-repo-status.md,False
C003,chrisreddington,chrisreddington/trend-radar,repo-assist.md,githubnext/agentics/workflows/repo-assist.md,True
C003,fsprojects,fsprojects/FsHttp,repo-assist.md,githubnext/agentics/workflows/repo-assist.md,False
C003,py-why,py-why/dowhy,repo-assist.md,githubnext/agentics/workflows/repo-assist.md,True
C003,shanselman,shanselman/WindowsEdgeLight,repo-assist.md,githubnext/agentics/workflows/repo-assist.md,False
C003,shanselman,shanselman/winget-tui,repo-assist.md,githubnext/agentics/workflows/repo-assist.md,False
C003,uxsoft,uxsoft/AppleWirelessKeyboard,repo-assist.md,githubnext/agentics/workflows/repo-assist.md,False
C004,microsoft,microsoft/vscode-isort,check-python-versions.md,none,False
C004,microsoft,microsoft/vscode-mypy,check-python-versions.md,none,False
C004,microsoft,microsoft/vscode-pylint,check-python-versions.md,none,False
C005,MiguelElGallo,MiguelElGallo/mpzsql,code-simplifier.md,github/gh-aw/.github/workflows/code-simplifier.md,False
C005,alexandru,alexandru/social-publish,code-simplifier.md,github/gh-aw/.github/workflows/code-simplifier.md,False
C005,sytone,sytone/obsidian-queryallthethings,code-simplifier.md,github/gh-aw/.github/workflows/code-simplifier.md,True
C006,Activiti,Activiti/activiti-cloud,supply-chain-review.md,Alfresco/alfresco-build-tools/.github/workflows/supply-chain-review.md,False
C006,Alfresco,Alfresco/alfresco-build-tools,supply-chain-review.md,none,False
C006,Alfresco,Alfresco/alfresco-ng2-components,supply-chain-review.md,Alfresco/alfresco-build-tools/.github/workflows/supply-chain-review.md,True
C007,chrisreddington,chrisreddington/flight-school,issue-triage.md,githubnext/agentics/workflows/issue-triage.md,False
C007,kaito-project,kaito-project/aikit,issue-triage.md,githubnext/agentics/workflows/issue-triage.md,False
C008,pulumi,pulumi/pulumi-kubernetes-operator,kubernetes-operator-pr-review.md,pulumi-labs/gh-aw-internal/.github/workflows/gh-aw-pr-review.md,True
C008,pulumi,pulumi/pulumi-terraform-bridge,terraform-bridge-pr-review.md,pulumi-labs/gh-aw-internal/.github/workflows/gh-aw-pr-review.md,True
C009,Shazwazza,Shazwazza/Articulate,efficiency-improver.md,githubnext/agentics/workflows/efficiency-improver.md,False
C009,baizhiheizi,baizhiheizi/quill,efficiency-improver.md,githubnext/agentics/workflows/efficiency-improver.md,False
C010,influxdata,influxdata/docs-v2,weekly-repo-status.md,githubnext/agentics/workflows/daily-repo-status.md,True
C010,lrascao,lrascao/rebar3_gpb_plugin,daily-repo-status.md,githubnext/agentics/workflows/daily-repo-status.md,True
C011,oboapp,oboapp/oboapp,ci-failure-fix.md,none,True
C011,vbuch,vbuch/oboapp,ci-failure-fix.md,none,True
C012,apache,apache/cloudstack,daily-repo-status.md,githubnext/agentics/workflows/repo-status.md,False
C012,timrogers,timrogers/iata-code-decoder-api,daily-repo-status.md,githubnext/agentics/workflows/repo-status.md,False
C013,baizhiheizi,baizhiheizi/quill,repository-quality-improver.md,githubnext/agentics/workflows/repository-quality-improver.md,True
C013,talk2MeGooseman,talk2MeGooseman/stream_closed_captioner_phoenix,repository-quality-improver.md,githubnext/agentics/workflows/repository-quality-improver.md,True
C014,ptarmiganlabs,ptarmiganlabs/butler-sos,duplicate-code-detector.md,githubnext/agentics/workflows/duplicate-code-detector.md,False
C014,rancher,rancher/dashboard,duplicate-code-detector.md,none,True
C015,taosdata,taosdata/TDengine,issue-triage.md,githubnext/agentics/workflows/issue-triage.md,False
C015,zircote,zircote/rlm-rs,issue-triage.md,githubnext/agentics/workflows/issue-triage.md,True
C016,kaito-tokyo,kaito-tokyo/live-backgroundremoval-lite,validate-pr.md,none,True
C016,royshil,royshil/obs-backgroundremoval,validate-pr.md,none,False
C017,pulumi,pulumi/pulumi-kubernetes-operator,kubernetes-operator-pr-rereview.md,pulumi-labs/gh-aw-internal/.github/workflows/gh-aw-pr-rereview.md,True
C017,pulumi,pulumi/pulumi-terraform-bridge,terraform-bridge-pr-rereview.md,pulumi-labs/gh-aw-internal/.github/workflows/gh-aw-pr-rereview.md,True
C018,kubestellar,kubestellar/docs,daily-team-status.md,githubnext/agentics/workflows/daily-team-status.md,False
C018,kubestellar,kubestellar/docs,devstats.md,githubnext/agentics/workflows/daily-team-status.md,False
