population,owner,workflows,repositories
eligible,microsoft,69,24
eligible,dotnet,51,13
eligible,Azure,30,10
eligible,elastic,26,5
eligible,github,18,3
eligible,baizhiheizi,15,1
eligible,tosin2013,11,1
eligible,carlkidcrypto,9,1
eligible,fsprojects,9,9
eligible,Kong,8,1
eligible,rancher,8,1
eligible,runhey,8,1
eligible,drasi-project,7,1
eligible,YousefHadder,6,1
eligible,chrisreddington,6,2
eligible,githubnext,6,2
eligible,kubestellar,6,1
eligible,pulumi,6,3
eligible,PureWeen,5,1
eligible,lablup,5,1
eligible,foxminchan,4,1
eligible,opsmill,4,1
eligible,zircote,4,1
eligible,FalkorDB,3,1
eligible,KunalSin9h,3,1
eligible,PowerShell,3,1
eligible,duckduckgo,3,1
eligible,felipementel,3,1
eligible,mono,3,1
eligible,neverinfamous,3,1
eligible,openvinotoolkit,3,2
eligible,popey,3,3
eligible,Alfresco,2,2
eligible,AndreaGriffiths11,2,1
eligible,Azure-Samples,2,1
eligible,Dedac,2,1
eligible,IgniteUI,2,2
eligible,OpenMS,2,1
eligible,adoptium,2,2
eligible,advanced-security,2,1
eligible,apache,2,1
eligible,asizikov-demos,2,1
eligible,brunoborges,2,2
eligible,chimon2000,2,1
eligible,cncf,2,1
eligible,fable-compiler,2,2
eligible,fedixyz,2,1
eligible,fideus-labs,2,1
eligible,fslaborg,2,2
eligible,getindata,2,1
eligible,intent-integrity-chain,2,1
eligible,ionide,2,2
eligible,jurre,2,1
eligible,kaito-project,2,1
eligible,libxengine,2,1
eligible,meteostat,2,1
eligible,ohcnetwork,2,1
eligible,pockebot,2,1
eligible,ptarmiganlabs,2,1
eligible,shanselman,2,2
eligible,storybookjs,2,1
eligible,talk2MeGooseman,2,1
eligible,taosdata,2,1
eligible,Activiti,1,1
eligible,BMayhew,1,1
eligible,CliMA,1,1
eligible,CommunityToolkit,1,1
eligible,DanWahlin,1,1
eligible,DevExpGbb,1,1
eligible,Flare-Animate,1,1
eligible,GuyKh,1,1
eligible,Josverl,1,1
eligible,Keboo,1,1
eligible,MiguelElGallo,1,1
eligible,MoiraeSoftware,1,1
eligible,NikiforovAll,1,1
eligible,ReactiveX,1,1
eligible,RustPython,1,1
eligible,SatelliteQE,1,1
eligible,Shazwazza,1,1
eligible,SonarSource,1,1
eligible,UbiHome,1,1
eligible,WordPress,1,1
eligible,ZSWatch,1,1
eligible,alexandru,1,1
eligible,anweiss,1,1
eligible,apolloconfig,1,1
eligible,appwrite,1,1
eligible,bob-collective,1,1
eligible,clash-verge-rev,1,1
eligible,copilot-community-sdk,1,1
eligible,czlonkowski,1,1
eligible,dgreif,1,1
eligible,doggy8088,1,1
eligible,dorlugasigal,1,1
eligible,drehelis,1,1
eligible,erigontech,1,1
eligible,evcc-io,1,1
eligible,executeautomation,1,1
eligible,f,1,1
eligible,fqfqgo,1,1
eligible,guitarrapc,1,1
eligible,hatch3r,1,1
eligible,hemanth,1,1
eligible,henrybravo,1,1
eligible,home-assistant,1,1
eligible,iamnbutler,1,1
eligible,inference-sh,1,1
eligible,influxdata,1,1
eligible,informedica,1,1
eligible,internetarchive,1,1
eligible,jonathanpeppers,1,1
eligible,kaito-tokyo,1,1
eligible,licensee,1,1
eligible,lrascao,1,1
eligible,mcpc-tech,1,1
eligible,meshery,1,1
eligible,moeru-ai,1,1
eligible,mongodb-js,1,1
eligible,natnew,1,1
eligible,navikt,1,1
eligible,npgsql,1,1
eligible,oboapp,1,1
eligible,pikax,1,1
eligible,prowler-cloud,1,1
eligible,py-why,1,1
eligible,r12f,1,1
eligible,royshil,1,1
eligible,sergey-tihon,1,1
eligible,stride3d,1,1
eligible,svenjacobs,1,1
eligible,sytone,1,1
eligible,timrogers,1,1
eligible,unipept,1,1
eligible,uxsoft,1,1
eligible,vaadin,1,1
eligible,vbuch,1,1
eligible,webmaxru,1,1
eligible,wp-media,1,1
sample,microsoft,37,17
sample,dotnet,27,10
sample,Azure,16,5
sample,elastic,8,5
sample,baizhiheizi,7,1
sample,github,7,2
sample,Kong,5,1
sample,carlkidcrypto,5,1
sample,pulumi,5,3
sample,rancher,5,1
sample,runhey,5,1
sample,YousefHadder,4,1
sample,drasi-project,4,1
sample,githubnext,4,2
sample,tosin2013,4,1
sample,PowerShell,3,1
sample,chrisreddington,3,2
sample,duckduckgo,3,1
sample,lablup,3,1
sample,zircote,3,1
sample,AndreaGriffiths11,2,1
sample,Azure-Samples,2,1
sample,Dedac,2,1
sample,PureWeen,2,1
sample,advanced-security,2,1
sample,asizikov-demos,2,1
sample,fslaborg,2,2
sample,jurre,2,1
sample,openvinotoolkit,2,1
sample,opsmill,2,1
sample,talk2MeGooseman,2,1
sample,Alfresco,1,1
sample,DanWahlin,1,1
sample,Flare-Animate,1,1
sample,GuyKh,1,1
sample,KunalSin9h,1,1
sample,MoiraeSoftware,1,1
sample,RustPython,1,1
sample,SatelliteQE,1,1
sample,SonarSource,1,1
sample,UbiHome,1,1
sample,anweiss,1,1
sample,apache,1,1
sample,bob-collective,1,1
sample,brunoborges,1,1
sample,clash-verge-rev,1,1
sample,cncf,1,1
sample,copilot-community-sdk,1,1
sample,doggy8088,1,1
sample,drehelis,1,1
sample,erigontech,1,1
sample,evcc-io,1,1
sample,fedixyz,1,1
sample,felipementel,1,1
sample,foxminchan,1,1
sample,fqfqgo,1,1
sample,fsprojects,1,1
sample,hatch3r,1,1
sample,hemanth,1,1
sample,henrybravo,1,1
sample,iamnbutler,1,1
sample,inference-sh,1,1
sample,influxdata,1,1
sample,informedica,1,1
sample,intent-integrity-chain,1,1
sample,ionide,1,1
sample,jonathanpeppers,1,1
sample,kaito-tokyo,1,1
sample,libxengine,1,1
sample,lrascao,1,1
sample,mcpc-tech,1,1
sample,meteostat,1,1
sample,moeru-ai,1,1
sample,mono,1,1
sample,natnew,1,1
sample,npgsql,1,1
sample,oboapp,1,1
sample,ohcnetwork,1,1
sample,pockebot,1,1
sample,popey,1,1
sample,prowler-cloud,1,1
sample,ptarmiganlabs,1,1
sample,py-why,1,1
sample,storybookjs,1,1
sample,svenjacobs,1,1
sample,sytone,1,1
sample,taosdata,1,1
sample,vaadin,1,1
sample,vbuch,1,1
sample,webmaxru,1,1
sample,wp-media,1,1
