population,source_template,workflows
eligible,none,363
eligible,githubnext/agentics/workflows/repo-assist.md,28
eligible,githubnext/agentics/workflows/daily-repo-status.md,16
eligible,githubnext/agentics/workflows/issue-triage.md,12
eligible,github/gh-aw/.github/workflows/code-simplifier.md,6
eligible,githubnext/agentics/workflows/daily-test-improver.md,4
eligible,githubnext/agentics/workflows/ci-doctor.md,3
eligible,githubnext/agentics/workflows/repo-status.md,3
eligible,pulumi-labs/gh-aw-internal/.github/workflows/gh-aw-pr-rereview.md,3
eligible,pulumi-labs/gh-aw-internal/.github/workflows/gh-aw-pr-review.md,3
eligible,Alfresco/alfresco-build-tools/.github/workflows/supply-chain-review.md,2
eligible,github/gh-aw/.github/workflows/daily-doc-updater.md,2
eligible,github/gh-aw/.github/workflows/duplicate-code-detector.md,2
eligible,github/gh-aw/.github/workflows/issue-triage-agent.md,2
eligible,githubnext/agentics/workflows/code-simplifier.md,2
eligible,githubnext/agentics/workflows/daily-qa.md,2
eligible,githubnext/agentics/workflows/daily-team-status.md,2
eligible,githubnext/agentics/workflows/efficiency-improver.md,2
eligible,githubnext/agentics/workflows/repository-quality-improver.md,2
eligible,githubnext/agentics/workflows/update-docs.md,2
eligible,github/gh-aw/.github/workflows/ci-doctor.md,1
eligible,github/gh-aw/.github/workflows/daily-file-diet.md,1
eligible,githubnext/agentics/workflows/accessibility-review.md,1
eligible,githubnext/agentics/workflows/agentic-wiki-writer.md,1
eligible,githubnext/agentics/workflows/contribution-guidelines-checker.md,1
eligible,githubnext/agentics/workflows/daily-accessibility-review.md,1
eligible,githubnext/agentics/workflows/daily-doc-updater.md,1
eligible,githubnext/agentics/workflows/daily-issue-triage.md,1
eligible,githubnext/agentics/workflows/discussion-task-miner.md,1
eligible,githubnext/agentics/workflows/duplicate-code-detector.md,1
eligible,githubnext/agentics/workflows/grumpy-reviewer.md,1
eligible,githubnext/agentics/workflows/issue-comment-handler.md,1
eligible,githubnext/agentics/workflows/large-file-simplifier.md,1
eligible,githubnext/agentics/workflows/malicious-code-scan.md,1
eligible,githubnext/agentics/workflows/perf-improver.md,1
eligible,githubnext/agentics/workflows/pr-fix.md,1
eligible,githubnext/agentics/workflows/q.md,1
eligible,githubnext/agentics/workflows/stale-closer.md,1
eligible,githubnext/agentics/workflows/sub-issue-closer.md,1
eligible,githubnext/agentics/workflows/test-improver.md,1
eligible,githubnext/agentics/workflows/unbloat-docs.md,1
eligible,githubnext/agentics/workflows/weekly-research.md,1
eligible,githubnext/agentics/workflows/weekly-team-status.md,1
eligible,githubnext/autoloop,1
eligible,githubnext/gh-aw/.github/workflows/issue-triage-agent.md,1
sample,none,179
sample,githubnext/agentics/workflows/daily-repo-status.md,12
sample,githubnext/agentics/workflows/repo-assist.md,8
sample,githubnext/agentics/workflows/issue-triage.md,6
sample,githubnext/agentics/workflows/daily-test-improver.md,3
sample,pulumi-labs/gh-aw-internal/.github/workflows/gh-aw-pr-rereview.md,3
sample,githubnext/agentics/workflows/daily-qa.md,2
sample,githubnext/agentics/workflows/repository-quality-improver.md,2
sample,pulumi-labs/gh-aw-internal/.github/workflows/gh-aw-pr-review.md,2
sample,Alfresco/alfresco-build-tools/.github/workflows/supply-chain-review.md,1
sample,github/gh-aw/.github/workflows/ci-doctor.md,1
sample,github/gh-aw/.github/workflows/code-simplifier.md,1
sample,github/gh-aw/.github/workflows/daily-doc-updater.md,1
sample,github/gh-aw/.github/workflows/daily-file-diet.md,1
sample,github/gh-aw/.github/workflows/duplicate-code-detector.md,1
sample,githubnext/agentics/workflows/ci-doctor.md,1
sample,githubnext/agentics/workflows/code-simplifier.md,1
sample,githubnext/agentics/workflows/daily-doc-updater.md,1
sample,githubnext/agentics/workflows/daily-issue-triage.md,1
sample,githubnext/agentics/workflows/discussion-task-miner.md,1
sample,githubnext/agentics/workflows/grumpy-reviewer.md,1
sample,githubnext/agentics/workflows/issue-comment-handler.md,1
sample,githubnext/agentics/workflows/large-file-simplifier.md,1
sample,githubnext/agentics/workflows/malicious-code-scan.md,1
sample,githubnext/agentics/workflows/q.md,1
sample,githubnext/agentics/workflows/stale-closer.md,1
sample,githubnext/agentics/workflows/sub-issue-closer.md,1
sample,githubnext/agentics/workflows/unbloat-docs.md,1
sample,githubnext/agentics/workflows/update-docs.md,1
sample,githubnext/agentics/workflows/weekly-research.md,1
sample,githubnext/autoloop,1
sample,githubnext/gh-aw/.github/workflows/issue-triage-agent.md,1
