source_markdown_file_snapshot_id,repo_full_name,path,exclusion
107,microsoft/vstest,.github/workflows/build-failure-analysis-command.md,no_instructions
108,microsoft/vstest,.github/workflows/build-failure-analysis.md,no_instructions
137,microsoft/vstest,.github/workflows/msbuild-quality-review.md,no_instructions
193,dotnet/msbuild,.github/workflows/review-on-open.agent.md,no_instructions
199,dotnet/msbuild,.github/workflows/review.agent.md,no_instructions
235,pulumi/pulumi-vsphere,.github/workflows/gh-aw-pr-rereview.md,no_instructions
236,pulumi/pulumi-vsphere,.github/workflows/gh-aw-pr-review.md,no_instructions
237,pulumi/pulumi-openstack,.github/workflows/gh-aw-pr-rereview.md,no_instructions
238,pulumi/pulumi-openstack,.github/workflows/gh-aw-pr-review.md,no_instructions
239,pulumi/pulumi-eks,.github/workflows/gh-aw-pr-rereview.md,no_instructions
240,pulumi/pulumi-eks,.github/workflows/gh-aw-pr-review.md,no_instructions
301,pulumi/pulumi-random,.github/workflows/gh-aw-pr-rereview.md,no_instructions
302,pulumi/pulumi-random,.github/workflows/gh-aw-pr-review.md,no_instructions
580,pulumi/pulumi-postgresql,.github/workflows/gh-aw-pr-rereview.md,no_instructions
581,pulumi/pulumi-postgresql,.github/workflows/gh-aw-pr-review.md,no_instructions
582,pulumi/pulumi-linode,.github/workflows/gh-aw-pr-rereview.md,no_instructions
583,pulumi/pulumi-linode,.github/workflows/gh-aw-pr-review.md,no_instructions
606,pulumi/pulumi-terraform,.github/workflows/gh-aw-pr-rereview.md,no_instructions
607,pulumi/pulumi-terraform,.github/workflows/gh-aw-pr-review.md,no_instructions
608,pulumi/pulumi-digitalocean,.github/workflows/gh-aw-pr-rereview.md,no_instructions
609,pulumi/pulumi-digitalocean,.github/workflows/gh-aw-pr-review.md,no_instructions
610,pulumi/pulumi-docker,.github/workflows/gh-aw-pr-rereview.md,no_instructions
611,pulumi/pulumi-docker,.github/workflows/gh-aw-pr-review.md,no_instructions
612,pulumi/pulumi-alicloud,.github/workflows/gh-aw-pr-rereview.md,no_instructions
613,pulumi/pulumi-alicloud,.github/workflows/gh-aw-pr-review.md,no_instructions
614,pulumi/pulumi-cloudflare,.github/workflows/gh-aw-pr-rereview.md,no_instructions
615,pulumi/pulumi-cloudflare,.github/workflows/gh-aw-pr-review.md,no_instructions
616,pulumi/pulumi-gcp,.github/workflows/gh-aw-pr-rereview.md,no_instructions
617,pulumi/pulumi-gcp,.github/workflows/gh-aw-pr-review.md,no_instructions
618,pulumi/pulumi-azure,.github/workflows/gh-aw-pr-rereview.md,no_instructions
619,pulumi/pulumi-azure,.github/workflows/gh-aw-pr-review.md,no_instructions
628,pulumi/pulumi-provider-boilerplate,.github/workflows/gh-aw-pr-rereview.md,no_instructions
629,pulumi/pulumi-provider-boilerplate,.github/workflows/gh-aw-pr-review.md,no_instructions
630,pulumi/pulumi-kubernetes,.github/workflows/gh-aw-pr-rereview.md,no_instructions
631,pulumi/pulumi-kubernetes,.github/workflows/gh-aw-pr-review.md,no_instructions
632,pulumi/pulumi-aws,.github/workflows/gh-aw-pr-rereview.md,no_instructions
633,pulumi/pulumi-aws,.github/workflows/gh-aw-pr-review.md,no_instructions
646,pulumi/pulumi-github,.github/workflows/gh-aw-pr-rereview.md,no_instructions
647,pulumi/pulumi-github,.github/workflows/gh-aw-pr-review.md,no_instructions
688,pulumi/pulumi-keycloak,.github/workflows/gh-aw-pr-rereview.md,no_instructions
689,pulumi/pulumi-keycloak,.github/workflows/gh-aw-pr-review.md,no_instructions
690,pulumi/pulumi-aws-native,.github/workflows/gh-aw-pr-rereview.md,no_instructions
691,pulumi/pulumi-aws-native,.github/workflows/gh-aw-pr-review.md,no_instructions
699,pulumi/pulumi-hcloud,.github/workflows/gh-aw-pr-rereview.md,no_instructions
700,pulumi/pulumi-hcloud,.github/workflows/gh-aw-pr-review.md,no_instructions
701,pulumi/pulumi-azuredevops,.github/workflows/gh-aw-pr-rereview.md,no_instructions
702,pulumi/pulumi-azuredevops,.github/workflows/gh-aw-pr-review.md,no_instructions
703,pulumi/pulumi-auth0,.github/workflows/gh-aw-pr-rereview.md,no_instructions
704,pulumi/pulumi-auth0,.github/workflows/gh-aw-pr-review.md,no_instructions
910,pulumi/pulumi-azuread,.github/workflows/gh-aw-pr-rereview.md,no_instructions
911,pulumi/pulumi-azuread,.github/workflows/gh-aw-pr-review.md,no_instructions
912,pulumi/pulumi-gitlab,.github/workflows/gh-aw-pr-rereview.md,no_instructions
913,pulumi/pulumi-gitlab,.github/workflows/gh-aw-pr-review.md,no_instructions
914,pulumi/pulumi-datadog,.github/workflows/gh-aw-pr-rereview.md,no_instructions
915,pulumi/pulumi-datadog,.github/workflows/gh-aw-pr-review.md,no_instructions
935,pulumi/pulumi-command,.github/workflows/gh-aw-pr-rereview.md,no_instructions
936,pulumi/pulumi-command,.github/workflows/gh-aw-pr-review.md,no_instructions
972,pulumi/pulumi-vault,.github/workflows/gh-aw-pr-rereview.md,no_instructions
973,pulumi/pulumi-vault,.github/workflows/gh-aw-pr-review.md,no_instructions
1011,pulumi/pulumi-oci,.github/workflows/gh-aw-pr-rereview.md,no_instructions
1012,pulumi/pulumi-oci,.github/workflows/gh-aw-pr-review.md,no_instructions
1119,pulumi/pulumi-aiven,.github/workflows/gh-aw-pr-rereview.md,no_instructions
1120,pulumi/pulumi-aiven,.github/workflows/gh-aw-pr-review.md,no_instructions
1121,pulumi/pulumi-tailscale,.github/workflows/gh-aw-pr-rereview.md,no_instructions
1122,pulumi/pulumi-tailscale,.github/workflows/gh-aw-pr-review.md,no_instructions
1123,pulumi/pulumi-kubernetes-cert-manager,.github/workflows/gh-aw-pr-rereview.md,no_instructions
1124,pulumi/pulumi-kubernetes-cert-manager,.github/workflows/gh-aw-pr-review.md,no_instructions
1134,pulumi/pulumi-mongodbatlas,.github/workflows/gh-aw-pr-rereview.md,no_instructions
1135,pulumi/pulumi-mongodbatlas,.github/workflows/gh-aw-pr-review.md,no_instructions
1136,pulumi/pulumi-kafka,.github/workflows/gh-aw-pr-rereview.md,no_instructions
1137,pulumi/pulumi-kafka,.github/workflows/gh-aw-pr-review.md,no_instructions
1138,pulumi/pulumi-newrelic,.github/workflows/gh-aw-pr-rereview.md,no_instructions
1139,pulumi/pulumi-newrelic,.github/workflows/gh-aw-pr-review.md,no_instructions
1141,pulumi/pulumi-pulumiservice,.github/workflows/gh-aw-pr-rereview.md,no_instructions
1142,pulumi/pulumi-pulumiservice,.github/workflows/gh-aw-pr-review.md,no_instructions
1191,pulumi/pulumi-snowflake,.github/workflows/gh-aw-pr-rereview.md,no_instructions
1192,pulumi/pulumi-snowflake,.github/workflows/gh-aw-pr-review.md,no_instructions
1193,pulumi/pulumi-azure-native,.github/workflows/azure-native-pr-rereview.md,no_instructions
1194,pulumi/pulumi-azure-native,.github/workflows/azure-native-pr-review.md,no_instructions
1234,pulumi/pulumi-tls,.github/workflows/gh-aw-pr-rereview.md,no_instructions
1235,pulumi/pulumi-tls,.github/workflows/gh-aw-pr-review.md,no_instructions
1236,pulumi/pulumi-kubernetes-ingress-nginx,.github/workflows/gh-aw-pr-rereview.md,no_instructions
1237,pulumi/pulumi-kubernetes-ingress-nginx,.github/workflows/gh-aw-pr-review.md,no_instructions
1317,pulumi/pulumi-databricks,.github/workflows/gh-aw-pr-rereview.md,no_instructions
1318,pulumi/pulumi-databricks,.github/workflows/gh-aw-pr-review.md,no_instructions
1327,pulumi/pulumi-nomad,.github/workflows/gh-aw-pr-rereview.md,no_instructions
1328,pulumi/pulumi-nomad,.github/workflows/gh-aw-pr-review.md,no_instructions
1801,pulumi/pulumi-aws-apigateway,.github/workflows/gh-aw-pr-rereview.md,no_instructions
1802,pulumi/pulumi-aws-apigateway,.github/workflows/gh-aw-pr-review.md,no_instructions
1966,pulumi/ci-mgmt,.github/workflows/gh-aw-pr-rereview.md,no_instructions
1967,pulumi/ci-mgmt,.github/workflows/gh-aw-pr-review.md,no_instructions
1978,pydantic/pydantic-ai,.github/workflows/pydantic-ai-bug-hunter.md,only_expression
1981,pydantic/pydantic-ai,.github/workflows/pydantic-ai-docs-drift.md,only_expression
1984,pydantic/pydantic-ai,.github/workflows/pydantic-ai-pr-review.md,only_expression
1987,pydantic/pydantic-ai,.github/workflows/pydantic-ai-provider-mapping-sweep.md,only_expression
1990,pydantic/pydantic-ai,.github/workflows/pydantic-ai-provider-parity-explore.md,only_expression
1993,pydantic/pydantic-ai,.github/workflows/pydantic-ai-regression-detector.md,only_expression
1996,pydantic/pydantic-ai,.github/workflows/pydantic-ai-roundtrip-sweep.md,only_expression
1998,pydantic/pydantic-ai,.github/workflows/pydantic-ai-stale-issues-finder.md,only_expression
2001,pydantic/pydantic-ai,.github/workflows/pydantic-ai-streaming-resilience-sweep.md,only_expression
2008,pydantic/pydantic-ai,.github/workflows/pydantic-ai-ui-security-review.md,only_expression
2044,pulumi/pulumi-okta,.github/workflows/gh-aw-pr-rereview.md,no_instructions
2045,pulumi/pulumi-okta,.github/workflows/gh-aw-pr-review.md,no_instructions
2074,pulumi/pulumi-cloudinit,.github/workflows/gh-aw-pr-rereview.md,no_instructions
2075,pulumi/pulumi-cloudinit,.github/workflows/gh-aw-pr-review.md,no_instructions
2076,pulumi/pulumi-fastly,.github/workflows/gh-aw-pr-rereview.md,no_instructions
2077,pulumi/pulumi-fastly,.github/workflows/gh-aw-pr-review.md,no_instructions
2184,pulumi/pulumi-rabbitmq,.github/workflows/gh-aw-pr-rereview.md,no_instructions
2185,pulumi/pulumi-rabbitmq,.github/workflows/gh-aw-pr-review.md,no_instructions
2242,pulumi/pulumi-rancher2,.github/workflows/gh-aw-pr-rereview.md,no_instructions
2243,pulumi/pulumi-rancher2,.github/workflows/gh-aw-pr-review.md,no_instructions
2499,pulumi/pulumi-docker-build,.github/workflows/gh-aw-pr-rereview.md,no_instructions
2500,pulumi/pulumi-docker-build,.github/workflows/gh-aw-pr-review.md,no_instructions
2546,PureWeen/PolyPilot,.github/workflows/expert-review.md,no_instructions
2552,PureWeen/PolyPilot,.github/workflows/fix.agent.md,no_instructions
2568,PureWeen/PolyPilot,.github/workflows/review-on-open.agent.md,no_instructions
2686,dotnet/maui-labs,.github/workflows/review-on-open.agent.md,no_instructions
2688,dotnet/maui-labs,.github/workflows/review.agent.md,no_instructions
